category,title,author,status,readers
科幻末世,冰河末，囤积百亿资,忆,连载中,在读：
科幻末世,庇护化论,半顷阳,连载中,在读：
科幻末世,末：收仆，傲邻妻始,铁阿木木,连载中,在读：
科幻末世,末：土匪,星梦辰缘,连载中,在读：
科幻末世,末：消耗资，倍返,铁板烧,连载中,在读：
科幻末世,末星晶：契约兽团,降,连载中,在读：
科幻末世,末寓求，限！,叶余,连载中,在读：
科幻末世,极寒末：聚宝盆囤亿资,瓷夜雨,已完结,在读：
科幻末世,末游戏：局刃校,青梅易逝,已完结,在读：
科幻末世,尸王崛，局囤亿血肉,二酒,已完结,在读：
都市日常,姐怕，保护,隔胳呜呜,已完结,在读：
都市日常,赚钱谈，职业舔狗！,叹,连载中,在读：
都市日常,疯隔离，挂,猪,连载中,在读：
都市日常,恒青云,青竹翁,已完结,在读：
都市日常,局停职？转投纪委调查组,江二爷,连载中,在读：
都市日常,退婚，闪婚绝裁,酷炫掉渣,连载中,在读：
都市日常,龙尊,简单鱼,连载中,在读：
都市日常,宦浮沉,梁州牧,连载中,在读：
都市日常,宦官途,流二,连载中,在读：
都市日常,：官运亨,弹剑潮,连载中,在读：
都市修真,乡村医,石,连载中,在读：
都市修真,，姐宠,求求火吧,连载中,在读：
都市修真,市：修仙，即敌,冯病,已完结,在读：
都市修真,宿：宿敌,唯云璃,连载中,在读：
都市修真,反派：角，缺拜兄弟！,红灵云,连载中,在读：
都市修真,梦百，,敌,已完结,在读：
都市修真,刚醒系统，爸滚？,憬江言,连载中,在读：
都市修真,阴阳合功,睡,连载中,在读：
都市修真,修仙咯,梦虚语,连载中,在读：
都市修真,：赘婿,市井仙,连载中,在读：
都市高武,戏,九域,连载中,在读：
都市高武,精病院斩,九域,已完结,在读：
都市高武,诸愚戏,九秋,连载中,在读：
都市高武,争霸，搞垄断思,灭帝,连载中,在读：
都市高武,习，跑收容怪,罗沙,连载中,在读：
都市高武,反派模拟：局挖尊帝骨,徐墨卿,连载中,在读：
都市高武,：局遇冷校武馆按摩,反沉默,连载中,在读：
都市高武,局摊卖,弈青锋,已完结,在读：
都市高武,醒：刻印切,御葉,连载中,在读：
都市高武,抢赋？杀怕？,妙笔烟,已完结,在读：
